LS_Month,Policy_Duration,Beg_Date,End_Date,Days_In_Month,Qx_Annual,Sx,Qx,Px,Mortality_Costs,NPV_Mortality_Costs,Modal_Premium_Due,Modal_Premium_To_Pay,Sx_Modal_Premium_To_Pay,PV_Sx_Modal_Premium_To_Pay,NPV_Modal_Premiums_To_Pay
1,12,2026-07-01,2026-07-24,24,0.66,1.0,4.3367556468172485e-05,0.9999566324435318,43.36755646817249,2069.413491506992,0,0,0.0,0.0,1644.7509787769097
2,12,2026-07-25,2026-08-24,31,0.66,0.9999566324435318,5.601642710472279e-05,0.9999439835728953,56.01399780915719,2069.413491506992,0,0,0.0,0.0,1644.7509787769097
3,12,2026-08-25,2026-09-24,31,0.66,0.9999006184457226,5.601642710472279e-05,0.9999439835728953,56.01086010513206,2069.413491506992,0,0,0.0,0.0,1644.7509787769097
4,12,2026-09-25,2026-10-24,30,0.66,0.9998446075856176,5.42094455852156e-05,0.9999457905544148,54.20102184858378,2069.413491506992,0,0,0.0,0.0,1644.7509787769097
5,12,2026-10-25,2026-11-24,31,0.66,0.9997904065637689,5.601642710472279e-05,0.9999439835728953,56.004686429280525,2069.413491506992,0,0,0.0,0.0,1644.7509787769097
6,12,2026-11-25,2026-12-24,30,0.66,0.9997344018773396,5.42094455852156e-05,0.9999457905544148,54.195047658237705,2069.413491506992,0,0,0.0,0.0,1644.7509787769097
7,12,2026-12-25,2027-01-24,31,0.66,0.9996802068296814,5.601642710472279e-05,0.9999439835728953,55.998513433909054,2069.413491506992,0,0,0.0,0.0,1644.7509787769097
8,12,2027-01-25,2027-02-24,31,0.66,0.9996242083162474,5.601642710472279e-05,0.9999439835728953,55.9953765972633,2069.413491506992,0,0,0.0,0.0,1644.7509787769097
9,12,2027-02-25,2027-03-24,28,0.66,0.9995682129396501,5.059548254620123e-05,0.9999494045174538,50.57363607152562,2069.413491506992,0,0,0.0,0.0,1644.7509787769097
10,12,2027-03-25,2027-04-24,31,0.66,0.9995176393035786,5.601642710472279e-05,0.9999439835728953,55.98940698193352,2069.413491506992,0,0,0.0,0.0,1644.7509787769097
11,12,2027-04-25,2027-05-24,30,0.66,0.9994616498965967,5.42094455852156e-05,0.9999457905544148,54.18026192457936,2069.413491506992,0,0,0.0,0.0,1644.7509787769097
12,12,2027-05-25,2027-06-24,31,0.66,0.9994074696346721,5.601642710472279e-05,0.9999439835728953,55.983235670706065,2069.413491506992,0,0,0.0,0.0,1644.7509787769097
13,13,2027-06-25,2027-07-24,30,0.75,0.9993514863990014,6.160164271047228e-05,0.9999383983572895,61.56169320733068,2069.413491506992,1,825,824.4649762791762,549.6433175194508,1644.7509787769097
14,13,2027-07-25,2027-08-24,31,0.75,0.999289924705794,6.365503080082135e-05,0.9999363449691991,63.609830936097765,2069.413491506992,0,0,0.0,0.0,1644.7509787769097
15,13,2027-08-25,2027-09-24,31,0.75,0.9992263148748579,6.365503080082135e-05,0.9999363449691991,63.60578185035029,2069.413491506992,0,0,0.0,0.0,1644.7509787769097
16,13,2027-09-25,2027-10-24,30,0.75,0.9991627090930075,6.160164271047228e-05,0.9999383983572895,61.550064215175,2069.413491506992,0,0,0.0,0.0,1644.7509787769097
17,13,2027-10-25,2027-11-24,31,0.75,0.9991011590287923,6.365503080082135e-05,0.9999363449691991,63.597815051114075,2069.413491506992,0,0,0.0,0.0,1644.7509787769097
18,13,2027-11-25,2027-12-24,30,0.75,0.9990375612137411,6.160164271047228e-05,0.9999383983572895,61.542354900230464,2069.413491506992,0,0,0.0,0.0,1644.7509787769097
19,13,2027-12-25,2028-01-24,31,0.75,0.9989760188588408,6.365503080082135e-05,0.9999363449691991,63.589849249741405,2069.413491506992,0,0,0.0,0.0,1644.7509787769097
20,13,2028-01-25,2028-02-24,31,0.75,0.998912429009591,6.365503080082135e-05,0.9999363449691991,63.58580143592879,2069.413491506992,0,0,0.0,0.0,1644.7509787769097
21,13,2028-02-25,2028-03-24,29,0.75,0.998848843208155,5.954825462012321e-05,0.9999404517453798,59.47970524237474,2069.413491506992,0,0,0.0,0.0,1644.7509787769097
22,13,2028-03-25,2028-04-24,31,0.75,0.9987893635029126,6.365503080082135e-05,0.9999363449691991,63.57796769731065,2069.413491506992,0,0,0.0,0.0,1644.7509787769097
23,13,2028-04-25,2028-05-24,30,0.75,0.9987257855352153,6.160164271047228e-05,0.9999383983572895,61.52314900627609,2069.413491506992,0,0,0.0,0.0,1644.7509787769097
24,13,2028-05-25,2028-06-24,31,0.75,0.998664262386209,6.365503080082135e-05,0.9999363449691991,63.570004381873666,2069.413491506992,0,0,0.0,0.0,1644.7509787769097
25,14,2028-06-25,2028-07-24,30,0.83,0.998600692381827,6.817248459958932e-05,0.9999318275154004,68.07709032253935,2069.413491506992,1,825,823.8455712150073,366.15358720666984,1644.7509787769097
26,14,2028-07-25,2028-08-24,31,0.83,0.9985326152915045,7.044490075290897e-05,0.9999295550992471,70.34153098275266,2069.413491506992,0,0,0.0,0.0,1644.7509787769097
27,14,2028-08-25,2028-09-24,31,0.83,0.9984622737605218,7.044490075290897e-05,0.9999295550992471,70.33657578058377,2069.413491506992,0,0,0.0,0.0,1644.7509787769097
28,14,2028-09-25,2028-10-24,30,0.83,0.9983919371847412,6.817248459958932e-05,0.9999318275154004,68.06285896208092,2069.413491506992,0,0,0.0,0.0,1644.7509787769097
29,14,2028-10-25,2028-11-24,31,0.83,0.9983238743257791,7.044490075290897e-05,0.9999295550992471,70.32682624613906,2069.413491506992,0,0,0.0,0.0,1644.7509787769097
30,14,2028-11-25,2028-12-24,30,0.83,0.9982535474995329,6.817248459958932e-05,0.9999318275154004,68.05342459339731,2069.413491506992,0,0,0.0,0.0,1644.7509787769097
31,14,2028-12-25,2029-01-24,31,0.83,0.9981854940749395,7.044490075290897e-05,0.9999295550992471,70.31707806310251,2069.413491506992,0,0,0.0,0.0,1644.7509787769097
32,14,2029-01-25,2029-02-24,31,0.83,0.9981151769968764,7.044490075290897e-05,0.9999295550992471,70.31212458351712,2069.413491506992,0,0,0.0,0.0,1644.7509787769097
33,14,2029-02-25,2029-03-24,28,0.83,0.9980448648722928,6.362765229295003e-05,0.999936372347707,63.50325163485854,2069.413491506992,0,0,0.0,0.0,1644.7509787769097
34,14,2029-03-25,2029-04-24,31,0.83,0.997981361620658,7.044490075290897e-05,0.9999295550992471,70.30269797262021,2069.413491506992,0,0,0.0,0.0,1644.7509787769097
35,14,2029-04-25,2029-05-24,30,0.83,0.9979110589226854,6.817248459958932e-05,0.9999318275154004,68.03007629616664,2069.413491506992,0,0,0.0,0.0,1644.7509787769097
36,14,2029-05-25,2029-06-24,31,0.83,0.9978430288463892,7.044490075290897e-05,0.9999295550992471,70.29295313406595,2069.413491506992,0,0,0.0,0.0,1644.7509787769097
37,15,2029-06-25,2029-07-24,30,0.92,0.9977727358932551,7.556468172484599e-05,0.9999244353182751,75.39637922150264,2069.413491506992,1,825,823.1625071119355,243.9000021072401,1644.7509787769097
38,15,2029-07-25,2029-08-24,31,0.92,0.9976973395140336,7.808350444900753e-05,0.999921916495551,77.90370464870702,2069.413491506992,0,0,0.0,0.0,1644.7509787769097
39,15,2029-08-25,2029-09-24,31,0.92,0.9976194358093848,7.808350444900753e-05,0.999921916495551,77.89762165443847,2069.413491506992,0,0,0.0,0.0,1644.7509787769097
40,15,2029-09-25,2029-10-24,30,0.92,0.9975415381877304,7.556468172484599e-05,0.9999244353182751,75.37890884046915,2069.413491506992,0,0,0.0,0.0,1644.7509787769097
41,15,2029-10-25,2029-11-24,31,0.92,0.9974661592788899,7.808350444900753e-05,0.999921916495551,77.88565328578765,2069.413491506992,0,0,0.0,0.0,1644.7509787769097
42,15,2029-11-25,2029-12-24,30,0.92,0.9973882736256041,7.556468172484599e-05,0.9999244353182751,75.36732745261239,2069.413491506992,0,0,0.0,0.0,1644.7509787769097
43,15,2029-12-25,2030-01-24,31,0.92,0.9973129062981515,7.808350444900753e-05,0.999921916495551,77.87368675598434,2069.413491506992,0,0,0.0,0.0,1644.7509787769097
44,15,2030-01-25,2030-02-24,31,0.92,0.9972350326113955,7.808350444900753e-05,0.999921916495551,77.86760610561807,2069.413491506992,0,0,0.0,0.0,1644.7509787769097
45,15,2030-02-25,2030-03-24,28,0.92,0.9971571650052898,7.052703627652293e-05,0.9999294729637235,70.32653954972284,2069.413491506992,0,0,0.0,0.0,1644.7509787769097
46,15,2030-03-25,2030-04-24,31,0.92,0.9970868384657401,7.808350444900753e-05,0.999921916495551,77.85603458738647,2069.413491506992,0,0,0.0,0.0,1644.7509787769097
47,15,2030-04-25,2030-05-24,30,0.92,0.9970089824311527,7.556468172484599e-05,0.9999244353182751,75.33866643422262,2069.413491506992,0,0,0.0,0.0,1644.7509787769097
48,15,2030-05-25,2030-06-24,31,0.92,0.9969336437647184,7.808350444900753e-05,0.999921916495551,77.84407260826768,2069.413491506992,0,0,0.0,0.0,1644.7509787769097
49,16,2030-06-25,2030-07-24,30,1.0,0.99685579969211,8.213552361396303e-05,0.9999178644763861,81.8772730753273,2069.413491506992,1,825,822.4060347459907,162.45057476464012,1644.7509787769097
50,16,2030-07-25,2030-08-24,31,1.0,0.9967739224190347,8.487337440109514e-05,0.9999151266255989,84.5995663107189,2069.413491506992,0,0,0.0,0.0,1644.7509787769097
51,16,2030-08-25,2030-09-24,31,1.0,0.996689322852724,8.487337440109514e-05,0.9999151266255989,84.59238606005323,2069.413491506992,0,0,0.0,0.0,1644.7509787769097
52,16,2030-09-25,2030-10-24,30,1.0,0.996604730466664,8.213552361396303e-05,0.9999178644763861,81.85665137303194,2069.413491506992,0,0,0.0,0.0,1644.7509787769097
53,16,2030-10-25,2030-11-24,31,1.0,0.996522873815291,8.487337440109514e-05,0.9999151266255989,84.57825896858049,2069.413491506992,0,0,0.0,0.0,1644.7509787769097
54,16,2030-11-25,2030-12-24,30,1.0,0.9964382955563225,8.213552361396303e-05,0.9999178644763861,81.8429811545234,2069.413491506992,0,0,0.0,0.0,1644.7509787769097
55,16,2030-12-25,2031-01-24,31,1.0,0.996356452575168,8.487337440109514e-05,0.9999151266255989,84.56413423635924,2069.413491506992,0,0,0.0,0.0,1644.7509787769097
56,16,2031-01-25,2031-02-24,31,1.0,0.9962718884409316,8.487337440109514e-05,0.9999151266255989,84.55695699293328,2069.413491506992,0,0,0.0,0.0,1644.7509787769097
57,16,2031-02-25,2031-03-24,28,1.0,0.9961873314839387,7.665982203969884e-05,0.9999233401779603,76.36754354976121,2069.413491506992,0,0,0.0,0.0,1644.7509787769097
58,16,2031-03-25,2031-04-24,31,1.0,0.9961109639403889,8.487337440109514e-05,0.9999151266255989,84.54329878754841,2069.413491506992,0,0,0.0,0.0,1644.7509787769097
59,16,2031-04-25,2031-05-24,30,1.0,0.9960264206416013,8.213552361396303e-05,0.9999178644763861,81.80915159273931,2069.413491506992,0,0,0.0,0.0,1644.7509787769097
60,16,2031-05-25,2031-06-24,31,1.0,0.9959446114900086,8.487337440109514e-05,0.9999151266255989,84.52917989374474,2069.413491506992,0,0,0.0,0.0,1644.7509787769097
61,17,2031-06-25,2031-07-24,30,1.11,0.9958600823101148,9.117043121149899e-05,0.9999088295687885,90.79299313053204,2069.413491506992,1,825,821.5845679058447,108.19220647319761,1644.7509787769097
62,17,2031-07-25,2031-08-24,31,1.11,0.9957692893169843,9.420944558521561e-05,0.9999057905544148,93.81087267733726,2069.413491506992,0,0,0.0,0.0,1644.7509787769097
63,17,2031-08-25,2031-09-24,31,1.11,0.9956754784443069,9.420944558521561e-05,0.9999057905544148,93.80203480703246,2069.413491506992,0,0,0.0,0.0,1644.7509787769097
64,17,2031-09-25,2031-10-24,30,1.11,0.9955816764094999,9.117043121149899e-05,0.9999088295687885,90.76761074452115,2069.413491506992,0,0,0.0,0.0,1644.7509787769097
65,17,2031-10-25,2031-11-24,31,1.11,0.9954909087987553,9.420944558521561e-05,0.9999057905544148,93.78464660305318,2069.413491506992,0,0,0.0,0.0,1644.7509787769097
66,17,2031-11-25,2031-12-24,30,1.11,0.9953971241521523,9.117043121149899e-05,0.9999088295687885,90.75078503563772,2069.413491506992,0,0,0.0,0.0,1644.7509787769097
67,17,2031-12-25,2032-01-24,31,1.11,0.9953063733671166,9.420944558521561e-05,0.9999057905544148,93.76726162234766,2069.413491506992,0,0,0.0,0.0,1644.7509787769097
68,17,2032-01-25,2032-02-24,31,1.11,0.9952126061054942,9.420944558521561e-05,0.9999057905544148,93.75842786061618,2069.413491506992,0,0,0.0,0.0,1644.7509787769097
69,17,2032-02-25,2032-03-24,29,1.11,0.9951188476776336,8.813141683778235e-05,0.9999118685831622,87.70123396781116,2069.413491506992,0,0,0.0,0.0,1644.7509787769097
70,17,2032-03-25,2032-04-24,31,1.11,0.9950311464436657,9.420944558521561e-05,0.9999057905544148,93.74133264647924,2069.413491506992,0,0,0.0,0.0,1644.7509787769097
71,17,2032-04-25,2032-05-24,30,1.11,0.9949374051110192,9.117043121149899e-05,0.9999088295687885,90.70887225242149,2069.413491506992,0,0,0.0,0.0,1644.7509787769097
72,17,2032-05-25,2032-06-24,31,1.11,0.9948466962387668,9.420944558521561e-05,0.9999057905544148,93.72395569493762,2069.413491506992,0,0,0.0,0.0,1644.7509787769097
73,18,2032-06-25,2032-07-24,30,1.21,0.9947529722830718,9.938398357289527e-05,0.9999006160164271,98.86251305646954,2069.413491506992,1,825,820.6712021335343,72.04795190198378,1644.7509787769097
74,18,2032-07-25,2032-08-24,31,1.21,0.9946541097700153,0.0001026967830253251,0.9998973032169747,102.14777729629917,2069.413491506992,0,0,0.0,0.0,1644.7509787769097
75,18,2032-08-25,2032-09-24,31,1.21,0.994551961992719,0.0001026967830253251,0.9998973032169747,102.13728704817764,2069.413491506992,0,0,0.0,0.0,1644.7509787769097
76,18,2032-09-25,2032-10-24,30,1.21,0.9944498247056708,9.938398357289527e-05,0.9999006160164271,98.83238504261696,2069.413491506992,0,0,0.0,0.0,1644.7509787769097
77,18,2032-10-25,2032-11-24,31,1.21,0.9943509923206282,0.0001026967830253251,0.9998973032169747,102.11664810936826,2069.413491506992,0,0,0.0,0.0,1644.7509787769097
78,18,2032-11-25,2032-12-24,30,1.21,0.9942488756725189,9.938398357289527e-05,0.9999006160164271,98.8124139272072,2069.413491506992,0,0,0.0,0.0,1644.7509787769097
79,18,2032-12-25,2033-01-24,31,1.21,0.9941500632585917,0.0001026967830253251,0.9998973032169747,102.0960133410808,2069.413491506992,0,0,0.0,0.0,1644.7509787769097
80,18,2033-01-25,2033-02-24,31,1.21,0.9940479672452506,0.0001026967830253251,0.9998973032169747,102.08552840895098,2069.413491506992,0,0,0.0,0.0,1644.7509787769097
81,18,2033-02-25,2033-03-24,28,1.21,0.9939458817168416,9.275838466803559e-05,0.999907241615332,92.1968144355006,2069.413491506992,0,0,0.0,0.0,1644.7509787769097
82,18,2033-03-25,2033-04-24,31,1.21,0.9938536849024061,0.0001026967830253251,0.9998973032169747,102.06557623734221,2069.413491506992,0,0,0.0,0.0,1644.7509787769097
83,18,2033-04-25,2033-05-24,30,1.21,0.9937516193261687,9.938398357289527e-05,0.9999006160164271,98.76299461065003,2069.413491506992,0,0,0.0,0.0,1644.7509787769097
84,18,2033-05-25,2033-06-24,31,1.21,0.9936528563315581,0.0001026967830253251,0.9998973032169747,102.04495178917655,2069.413491506992,0,0,0.0,0.0,1644.7509787769097
85,19,2033-06-25,2033-07-24,30,1.33,0.9935508113797689,0.00010924024640657084,0.9998907597535934,108.53573545257433,2069.413491506992,1,825,819.6794193883093,47.973921207912,1644.7509787769097
86,19,2033-07-25,2033-08-24,31,1.33,0.9934422756443163,0.00011288158795345654,0.9998871184120466,112.14134161482592,2069.413491506992,0,0,0.0,0.0,1644.7509787769097
87,19,2033-08-25,2033-09-24,31,1.33,0.9933301343027016,0.00011288158795345654,0.9998871184120466,112.1286829221092,2069.413491506992,0,0,0.0,0.0,1644.7509787769097
88,19,2033-09-25,2033-10-24,30,1.33,0.9932180056197795,0.00010924024640657084,0.9998907597535934,108.49937966934756,2069.413491506992,0,0,0.0,0.0,1644.7509787769097
89,19,2033-10-25,2033-11-24,31,1.33,0.9931095062401101,0.00011288158795345654,0.9998871184120466,112.10377807605678,2069.413491506992,0,0,0.0,0.0,1644.7509787769097
90,19,2033-11-25,2033-12-24,30,1.33,0.992997402462034,0.00010924024640657084,0.9998907597535934,108.47528092603739,2069.413491506992,0,0,0.0,0.0,1644.7509787769097
91,19,2033-12-25,2034-01-24,31,1.33,0.992888927181108,0.00011288158795345654,0.9998871184120466,112.07887876160736,2069.413491506992,0,0,0.0,0.0,1644.7509787769097
92,19,2034-01-25,2034-02-24,31,1.33,0.9927768483023465,0.00011288158795345654,0.9998871184120466,112.06622711979671,2069.413491506992,0,0,0.0,0.0,1644.7509787769097
93,19,2034-02-25,2034-03-24,28,1.33,0.9926647820752267,0.00010195756331279946,0.9998980424366872,101.2096823668212,2069.413491506992,0,0,0.0,0.0,1644.7509787769097
94,19,2034-03-25,2034-04-24,31,1.33,0.9925635723928599,0.00011288158795345654,0.9998871184120466,112.04215219646164,2069.413491506992,0,0,0.0,0.0,1644.7509787769097
95,19,2034-04-25,2034-05-24,30,1.33,0.9924515302406635,0.00010924024640657084,0.9998907597535934,108.41564971006837,2069.413491506992,0,0,0.0,0.0,1644.7509787769097
96,19,2034-05-25,2034-06-24,31,1.33,0.9923431145909534,0.00011288158795345654,0.9998871184120466,112.0172665697057,2069.413491506992,0,0,0.0,0.0,1644.7509787769097
97,20,2034-06-25,2034-07-24,30,1.5,0.9922310973243837,0.00012320328542094456,0.9998767967145791,122.24613108719308,2069.413491506992,1,825,818.5906552926166,31.94013225955033,1644.7509787769097
98,20,2034-07-25,2034-08-24,31,1.5,0.9921088511932966,0.0001273100616016427,0.9998726899383984,126.30543896095355,2069.413491506992,0,0,0.0,0.0,1644.7509787769097
99,20,2034-08-25,2034-09-24,31,1.5,0.9919825457543358,0.0001273100616016427,0.9998726899383984,126.28935900773884,2069.413491506992,0,0,0.0,0.0,1644.7509787769097
100,20,2034-09-25,2034-10-24,30,1.5,0.991856256395328,0.00012320328542094456,0.9998767967145791,122.19994945322318,2069.413491506992,0,0,0.0,0.0,1644.7509787769097
101,20,2034-10-25,2034-11-24,31,1.5,0.9917340564458749,0.0001273100616016427,0.9998726899383984,126.25772381857134,2069.413491506992,0,0,0.0,0.0,1644.7509787769097
102,20,2034-11-25,2034-12-24,30,1.5,0.9916077987220563,0.00012320328542094456,0.9998767967145791,122.16933865158805,2069.413491506992,0,0,0.0,0.0,1644.7509787769097
103,20,2034-12-25,2035-01-24,31,1.5,0.9914856293834047,0.0001273100616016427,0.9998726899383984,126.22609655394473,2069.413491506992,0,0,0.0,0.0,1644.7509787769097
104,20,2035-01-25,2035-02-24,31,1.5,0.9913594032868508,0.0001273100616016427,0.9998726899383984,126.21002670181673,2069.413491506992,0,0,0.0,0.0,1644.7509787769097
105,20,2035-02-25,2035-03-24,28,1.5,0.991233193260149,0.00011498973305954826,0.9998850102669404,113.98164029274815,2069.413491506992,0,0,0.0,0.0,1644.7509787769097
106,20,2035-03-25,2035-04-24,31,1.5,0.9911192116198563,0.0001273100616016427,0.9998726899383984,126.17944788589544,2069.413491506992,0,0,0.0,0.0,1644.7509787769097
107,20,2035-04-25,2035-05-24,30,1.5,0.9909930321719704,0.00012320328542094456,0.9998767967145791,122.09359739285055,2069.413491506992,0,0,0.0,0.0,1644.7509787769097
108,20,2035-05-25,2035-06-24,31,1.5,0.9908709385745776,0.0001273100616016427,0.9998726899383984,126.14784022920699,2069.413491506992,0,0,0.0,0.0,1644.7509787769097
109,21,2035-06-25,2035-07-24,30,1.7,0.9907447907343485,0.00013963039014373716,0.9998603696098562,138.33808166311232,2069.413491506992,1,825,817.3644523558376,21.261525154000335,1644.7509787769097
110,21,2035-07-25,2035-08-24,31,1.7,0.9906064526526854,0.00014428473648186172,0.9998557152635181,142.92939097822455,2069.413491506992,0,0,0.0,0.0,1644.7509787769097
111,21,2035-08-25,2035-09-24,31,1.7,0.9904635232617072,0.00014428473648186172,0.9998557152635181,142.90876844871173,2069.413491506992,0,0,0.0,0.0,1644.7509787769097
112,21,2035-09-25,2035-10-24,30,1.7,0.9903206144932585,0.00013963039014373716,0.9998603696098562,138.2788537690792,2069.413491506992,0,0,0.0,0.0,1644.7509787769097
113,21,2035-10-25,2035-11-24,31,1.7,0.9901823356394894,0.00014428473648186172,0.9998557152635181,142.8681973667381,2069.413491506992,0,0,0.0,0.0,1644.7509787769097
114,21,2035-11-25,2035-12-24,30,1.7,0.9900394674421227,0.00013963039014373716,0.9998603696098562,138.23959709664135,2069.413491506992,0,0,0.0,0.0,1644.7509787769097
115,21,2035-12-25,2036-01-24,31,1.7,0.989901227845026,0.00014428473648186172,0.9998557152635181,142.82763780269093,2069.413491506992,0,0,0.0,0.0,1644.7509787769097
116,21,2036-01-25,2036-02-24,31,1.7,0.9897584002072233,0.00014428473648186172,0.9998557152635181,142.80702995460825,2069.413491506992,0,0,0.0,0.0,1644.7509787769097
117,21,2036-02-25,2036-03-24,29,1.7,0.9896155931772687,0.0001349760438056126,0.9998650239561944,133.5743976554123,2069.413491506992,0,0,0.0,0.0,1644.7509787769097
118,21,2036-03-25,2036-04-24,31,1.7,0.9894820187796132,0.00014428473648186172,0.9998557152635181,142.76715233315704,2069.413491506992,0,0,0.0,0.0,1644.7509787769097
119,21,2036-04-25,2036-05-24,30,1.7,0.98933925162728,0.00013963039014373716,0.9998603696098562,138.14182568923005,2069.413491506992,0,0,0.0,0.0,1644.7509787769097
120,21,2036-05-25,2036-06-24,31,1.7,0.9892011098015907,0.00014428473648186172,0.9998557152635181,142.72662145528767,2069.413491506992,0,0,0.0,0.0,1644.7509787769097
121,22,2036-06-25,2036-07-24,30,1.9,0.9890583831801354,0.00015605749486652978,0.9998439425051334,154.3499735558322,2069.413491506992,1,825,815.9731661236117,14.150223070849258,1644.7509787769097
122,22,2036-07-25,2036-08-24,31,1.9,0.9889040332065795,0.00016125941136208076,0.9998387405886379,159.47008228848057,2069.413491506992,0,0,0.0,0.0,1644.7509787769097
123,22,2036-08-25,2036-09-24,31,1.9,0.9887445631242909,0.00016125941136208076,0.9998387405886379,159.44436623688088,2069.413491506992,0,0,0.0,0.0,1644.7509787769097
124,22,2036-09-25,2036-10-24,30,1.9,0.988585118758054,0.00015605749486652978,0.9998439425051334,154.27611709571275,2069.413491506992,0,0,0.0,0.0,1644.7509787769097
125,22,2036-10-25,2036-11-24,31,1.9,0.9884308426409583,0.00016125941136208076,0.9998387405886379,159.39377585640642,2069.413491506992,0,0,0.0,0.0,1644.7509787769097
126,22,2036-11-25,2036-12-24,30,1.9,0.9882714488651018,0.00015605749486652978,0.9998439425051334,154.22716655800355,2069.413491506992,0,0,0.0,0.0,1644.7509787769097
127,22,2036-12-25,2037-01-24,31,1.9,0.9881172216985437,0.00016125941136208076,0.9998387405886379,159.3432015278418,2069.413491506992,0,0,0.0,0.0,1644.7509787769097
128,22,2037-01-25,2037-02-24,31,1.9,0.9879578784970158,0.00016125941136208076,0.9998387405886379,159.31750593695887,2069.413491506992,0,0,0.0,0.0,1644.7509787769097
129,22,2037-02-25,2037-03-24,28,1.9,0.9877985609910788,0.0001456536618754278,0.9998543463381245,143.8764776036287,2069.413491506992,0,0,0.0,0.0,1644.7509787769097
130,22,2037-03-25,2037-04-24,31,1.9,0.987654684513475,0.00016125941136208076,0.9998387405886379,159.26861305364457,2069.413491506992,0,0,0.0,0.0,1644.7509787769097
131,22,2037-04-25,2037-05-24,30,1.9,0.9874954159004213,0.00015605749486652978,0.9998439425051334,154.10606079760169,2069.413491506992,0,0,0.0,0.0,1644.7509787769097
132,22,2037-05-25,2037-06-24,31,1.9,0.9873413098396236,0.00016125941136208076,0.9998387405886379,159.2180784382035,2069.413491506992,0,0,0.0,0.0,1644.7509787769097
133,23,2037-06-25,2037-07-24,30,2.1,0.9871820917611854,0.00017248459958932243,0.9998275154004107,170.27370781917782,2069.413491506992,1,825,814.425225702978,9.41558627715794,1644.7509787769097
134,23,2037-07-25,2037-08-24,31,2.1,0.9870118180533662,0.0001782340862422998,0.9998217659137577,175.9191495010928,2069.413491506992,0,0,0.0,0.0,1644.7509787769097
135,23,2037-08-25,2037-09-24,31,2.1,0.9868358989038651,0.0001782340862422998,0.9998217659137577,175.88779471222895,2069.413491506992,0,0,0.0,0.0,1644.7509787769097
136,23,2037-09-25,2037-10-24,30,2.1,0.9866600111091529,0.00017248459958932243,0.9998275154004107,170.18365694695865,2069.413491506992,0,0,0.0,0.0,1644.7509787769097
137,23,2037-10-25,2037-11-24,31,2.1,0.9864898274522059,0.0001782340862422998,0.9998217659137577,175.8261129832679,2069.413491506992,0,0,0.0,0.0,1644.7509787769097
138,23,2037-11-25,2037-12-24,30,2.1,0.9863140013392226,0.00017248459958932243,0.9998275154004107,170.12397559033826,2069.413491506992,0,0,0.0,0.0,1644.7509787769097
139,23,2037-12-25,2038-01-24,31,2.1,0.9861438773636323,0.0001782340862422998,0.9998217659137577,175.76445288534558,2069.413491506992,0,0,0.0,0.0,1644.7509787769097
140,23,2038-01-25,2038-02-24,31,2.1,0.9859681129107469,0.0001782340862422998,0.9998217659137577,175.73312566869166,2069.413491506992,0,0,0.0,0.0,1644.7509787769097
141,23,2038-02-25,2038-03-24,28,2.1,0.9857923797850783,0.00016098562628336758,0.9998390143737166,158.69840364507218,2069.413491506992,0,0,0.0,0.0,1644.7509787769097
142,23,2038-03-25,2038-04-24,31,2.1,0.9856336813814331,0.0001782340862422998,0.9998217659137577,175.6735185706538,2069.413491506992,0,0,0.0,0.0,1644.7509787769097
143,23,2038-04-25,2038-05-24,30,2.1,0.9854580078628625,0.00017248459958932243,0.9998275154004107,169.9763298983172,2069.413491506992,0,0,0.0,0.0,1644.7509787769097
144,23,2038-05-25,2038-06-24,31,2.1,0.9852880315329643,0.0001782340862422998,0.9998217659137577,175.61191198575216,2069.413491506992,0,0,0.0,0.0,1644.7509787769097
145,24,2038-06-25,2038-07-24,30,2.3,0.9851124196209785,0.000188911704312115,0.9998110882956879,186.09926612963045,2069.413491506992,1,825,812.7177461873073,6.263897381615659,1644.7509787769097
146,24,2038-07-25,2038-08-24,31,2.3,0.9849263203548488,0.00019520876112251882,0.9998047912388774,192.26624679343115,2069.413491506992,0,0,0.0,0.0,1644.7509787769097
147,24,2038-08-25,2038-09-24,31,2.3,0.9847340541080554,0.00019520876112251882,0.9998047912388774,192.2287147375889,2069.413491506992,0,0,0.0,0.0,1644.7509787769097
148,24,2038-09-25,2038-10-24,30,2.3,0.9845418253933177,0.000188911704312115,0.9998110882956879,185.99147420161236,2069.413491506992,0,0,0.0,0.0,1644.7509787769097
149,24,2038-10-25,2038-11-24,31,2.3,0.9843558339191161,0.00019520876112251882,0.9998047912388774,192.15488284307455,2069.413491506992,0,0,0.0,0.0,1644.7509787769097
150,24,2038-11-25,2038-12-24,30,2.3,0.984163679036273,0.000188911704312115,0.9998110882956879,185.92003792882366,2069.413491506992,0,0,0.0,0.0,1644.7509787769097
151,24,2038-12-25,2039-01-24,31,2.3,0.9839777589983442,0.00019520876112251882,0.9998047912388774,192.08107930617913,2069.413491506992,0,0,0.0,0.0,1644.7509787769097
152,24,2039-01-25,2039-02-24,31,2.3,0.9837856779190379,0.00019520876112251882,0.9998047912388774,192.0435833966527,2069.413491506992,0,0,0.0,0.0,1644.7509787769097
153,24,2039-02-25,2039-03-24,28,2.3,0.9835936343356413,0.0001763175906913073,0.9998236824093087,173.42485982536698,2069.413491506992,0,0,0.0,0.0,1644.7509787769097
154,24,2039-03-25,2039-04-24,31,2.3,0.983420209475816,0.00019520876112251882,0.9998047912388774,191.97224075462196,2069.413491506992,0,0,0.0,0.0,1644.7509787769097
155,24,2039-04-25,2039-05-24,30,2.3,0.9832282372350614,0.000188911704312115,0.9998110882956879,185.74332202387197,2069.413491506992,0,0,0.0,0.0,1644.7509787769097
156,24,2039-05-25,2039-06-24,31,2.3,0.9830424939130374,0.00019520876112251882,0.9998047912388774,191.89850736755528,2069.413491506992,0,0,0.0,0.0,1644.7509787769097
157,25,2039-06-25,2039-07-24,30,2.49,0.9828505954056699,0.00020451745379876797,0.9997954825462012,201.01010123697068,2069.413491506992,1,825,810.8517412096777,4.166343622960764,1644.7509787769097
158,25,2039-07-25,2039-08-24,31,2.49,0.9826495853044329,0.0002113347022587269,0.9997886652977412,207.6679575349738,2069.413491506992,0,0,0.0,0.0,1644.7509787769097
159,25,2039-08-25,2039-09-24,31,2.49,0.9824419173468979,0.0002113347022587269,0.9997886652977412,207.62407008899945,2069.413491506992,0,0,0.0,0.0,1644.7509787769097
160,25,2039-09-25,2039-10-24,30,2.49,0.9822342932768089,0.00020451745379876797,0.9997954825462012,200.88405669480525,2069.413491506992,0,0,0.0,0.0,1644.7509787769097
161,25,2039-10-25,2039-11-24,31,2.49,0.9820334092201141,0.0002113347022587269,0.9997886652977412,207.5377381456553,2069.413491506992,0,0,0.0,0.0,1644.7509787769097
162,25,2039-11-25,2039-12-24,30,2.49,0.9818258714819684,0.00020451745379876797,0.9997954825462012,200.80052730924857,2069.413491506992,0,0,0.0,0.0,1644.7509787769097
163,25,2039-12-25,2040-01-24,31,2.49,0.9816250709546591,0.0002113347022587269,0.9997886652977412,207.45144209990454,2069.413491506992,0,0,0.0,0.0,1644.7509787769097
164,25,2040-01-25,2040-02-24,31,2.49,0.9814176195125592,0.0002113347022587269,0.9997886652977412,207.40760041115524,2069.413491506992,0,0,0.0,0.0,1644.7509787769097
165,25,2040-02-25,2040-03-24,29,2.49,0.9812102119121481,0.00019770020533880903,0.9998022997946612,193.985460375568,2069.413491506992,0,0,0.0,0.0,1644.7509787769097
166,25,2040-03-25,2040-04-24,31,2.49,0.9810162264517724,0.0002113347022587269,0.9997886652977412,207.32277212816513,2069.413491506992,0,0,0.0,0.0,1644.7509787769097
167,25,2040-04-25,2040-05-24,30,2.49,0.9808089036796442,0.00020451745379876797,0.9997954825462012,200.59253964372192,2069.413491506992,0,0,0.0,0.0,1644.7509787769097
168,25,2040-05-25,2040-06-24,31,2.49,0.9806083111400005,0.0002113347022587269,0.9997886652977412,207.23656546720503,2069.413491506992,0,0,0.0,0.0,1644.7509787769097
169,26,2040-06-25,2040-07-24,30,2.69,0.9804010745745332,0.0002209445585215606,0.9997790554414785,216.61428259593384,2069.413491506992,1,825,808.8308865239899,2.77064000306275,1644.7509787769097
170,26,2040-07-25,2040-08-24,31,2.69,0.9801844602919373,0.00022830937713894594,0.9997716906228611,223.78530361052609,2069.413491506992,0,0,0.0,0.0,1644.7509787769097
171,26,2040-08-25,2040-09-24,31,2.69,0.9799606749883268,0.00022830937713894594,0.9997716906228611,223.73421132724593,2069.413491506992,0,0,0.0,0.0,1644.7509787769097
172,26,2040-09-25,2040-10-24,30,2.69,0.9797369407769996,0.0002209445585215606,0.9997790554414785,216.46754584723854,2069.413491506992,0,0,0.0,0.0,1644.7509787769097
173,26,2040-10-25,2040-11-24,31,2.69,0.9795204732311524,0.00022830937713894594,0.9997716906228611,223.63370913825,2069.413491506992,0,0,0.0,0.0,1644.7509787769097
174,26,2040-11-25,2040-12-24,30,2.69,0.9792968395220142,0.0002209445585215606,0.9997790554414785,216.370307869751,2069.413491506992,0,0,0.0,0.0,1644.7509787769097
175,26,2040-12-25,2041-01-24,31,2.69,0.9790804692141445,0.00022830937713894594,0.9997716906228611,223.53325209518826,2069.413491506992,0,0,0.0,0.0,1644.7509787769097
176,26,2041-01-25,2041-02-24,31,2.69,0.9788569359620494,0.00022830937713894594,0.9997716906228611,223.4822173576326,2069.413491506992,0,0,0.0,0.0,1644.7509787769097
177,26,2041-02-25,2041-03-24,28,2.69,0.9786334537446918,0.00020621492128678986,0.9997937850787132,201.80882063258093,2069.413491506992,0,0,0.0,0.0,1644.7509787769097
178,26,2041-03-25,2041-04-24,31,2.69,0.9784316449240592,0.00022830937713894594,0.9997716906228611,223.38511942564628,2069.413491506992,0,0,0.0,0.0,1644.7509787769097
179,26,2041-04-25,2041-05-24,30,2.69,0.9782082598046336,0.0002209445585215606,0.9997790554414785,216.12979210467878,2069.413491506992,0,0,0.0,0.0,1644.7509787769097
180,26,2041-05-25,2041-06-24,31,2.69,0.9779921300125289,0.00022830937713894594,0.9997716906228611,223.28477404995152,2069.413491506992,0,0,0.0,0.0,1644.7509787769097
181,27,2041-06-25,2041-07-24,30,2.91,0.9777688452384791,0.00023901437371663244,0.9997609856262833,233.70080818430998,2069.413491506992,1,825,806.6592973217453,1.8421341677550023,1644.7509787769097
182,27,2041-07-25,2041-08-24,31,2.91,0.9775351444302948,0.0002469815195071869,0.9997530184804928,241.43311534307162,2069.413491506992,0,0,0.0,0.0,1644.7509787769097
183,27,2041-08-25,2041-09-24,31,2.91,0.9772937113149517,0.0002469815195071869,0.9997530184804928,241.37348582538482,2069.413491506992,0,0,0.0,0.0,1644.7509787769097
184,27,2041-09-25,2041-10-24,30,2.91,0.9770523378291263,0.00023901437371663244,0.9997609856262833,233.5295526146002,2069.413491506992,0,0,0.0,0.0,1644.7509787769097
185,27,2041-10-25,2041-11-24,31,2.91,0.9768188082765117,0.0002469815195071869,0.9997530184804928,241.25619355133236,2069.413491506992,0,0,0.0,0.0,1644.7509787769097
186,27,2041-11-25,2041-12-24,30,2.91,0.9765775520829604,0.00023901437371663244,0.9997609856262833,233.41607199683077,2069.413491506992,0,0,0.0,0.0,1644.7509787769097
187,27,2041-12-25,2042-01-24,31,2.91,0.9763441360109635,0.0002469815195071869,0.9997530184804928,241.13895827391931,2069.413491506992,0,0,0.0,0.0,1644.7509787769097
188,27,2042-01-25,2042-02-24,31,2.91,0.9761029970526895,0.0002469815195071869,0.9997530184804928,241.07940140759243,2069.413491506992,0,0,0.0,0.0,1644.7509787769097
189,27,2042-02-25,2042-03-24,28,2.91,0.9758619176512819,0.00022308008213552366,0.9997769199178644,217.6953567425776,2069.413491506992,0,0,0.0,0.0,1644.7509787769097
190,27,2042-03-25,2042-04-24,31,2.91,0.9756442222945393,0.0002469815195071869,0.9997530184804928,240.96609252071295,2069.413491506992,0,0,0.0,0.0,1644.7509787769097
191,27,2042-04-25,2042-05-24,30,2.91,0.9754032562020186,0.00023901437371663244,0.9997609856262833,233.13539840228947,2069.413491506992,0,0,0.0,0.0,1644.7509787769097
192,27,2042-05-25,2042-06-24,31,2.91,0.9751701208036163,0.0002469815195071869,0.9997530184804928,240.84899821408416,2069.413491506992,0,0,0.0,0.0,1644.7509787769097
193,28,2042-06-25,2042-07-24,30,3.16,0.9749292718054022,0.0002595482546201232,0.9997404517453798,253.04119087515983,2069.413491506992,1,825,804.3166492394569,1.2245229067402599,1644.7509787769097
194,28,2042-07-25,2042-08-24,31,3.16,0.974676230614527,0.00026819986310746066,0.9997318001368926,261.4080316249119,2069.413491506992,0,0,0.0,0.0,1644.7509787769097
195,28,2042-08-25,2042-09-24,31,3.16,0.9744148225829021,0.00026819986310746066,0.9997318001368926,261.33792202661493,2069.413491506992,0,0,0.0,0.0,1644.7509787769097
196,28,2042-09-25,2042-10-24,30,3.16,0.9741534846608755,0.0002595482546201232,0.9997404517453798,252.83983667584116,2069.413491506992,0,0,0.0,0.0,1644.7509787769097
197,28,2042-10-25,2042-11-24,31,3.16,0.9739006448241996,0.00026819986310746066,0.9997318001368926,261.200019622118,2069.413491506992,0,0,0.0,0.0,1644.7509787769097
198,28,2042-11-25,2042-12-24,30,3.16,0.9736394448045774,0.0002595482546201232,0.9997404517453798,252.70641852833384,2069.413491506992,0,0,0.0,0.0,1644.7509787769097
199,28,2042-12-25,2043-01-24,31,3.16,0.973386738386049,0.00026819986310746066,0.9997318001368926,261.062189985756,2069.413491506992,0,0,0.0,0.0,1644.7509787769097
200,28,2043-01-25,2043-02-24,31,3.16,0.9731256761960633,0.00026819986310746066,0.9997318001368926,260.9921731421393,2069.413491506992,0,0,0.0,0.0,1644.7509787769097
201,28,2043-02-25,2043-03-24,28,3.16,0.9728646840229211,0.00024224503764544832,0.9997577549623545,235.67164200505974,2069.413491506992,0,0,0.0,0.0,1644.7509787769097
202,28,2043-03-25,2043-04-24,31,3.16,0.972629012380916,0.00026819986310746066,0.9997318001368926,260.8589679749063,2069.413491506992,0,0,0.0,0.0,1644.7509787769097
203,28,2043-04-25,2043-05-24,30,3.16,0.9723681534129411,0.0002595482546201232,0.9997404517453798,252.37645706652103,2069.413491506992,0,0,0.0,0.0,1644.7509787769097
204,28,2043-05-25,2043-06-24,31,3.16,0.9721157769558746,0.00026819986310746066,0.9997318001368926,260.72131830416834,2069.413491506992,0,0,0.0,0.0,1644.7509787769097
205,29,2043-06-25,2043-07-24,30,3.46,0.9718550556375705,0.00028418891170431214,0.9997158110882957,276.1904305959749,2069.413491506992,1,825,801.7804209009956,0.8137744361398644,1644.7509787769097
206,29,2043-07-25,2043-08-24,31,3.46,0.9715788652069745,0.00029366187542778914,0.9997063381245722,285.3156716826833,2069.413491506992,0,0,0.0,0.0,1644.7509787769097
207,29,2043-08-25,2043-09-24,31,3.46,0.9712935495352918,0.00029366187542778914,0.9997063381245722,285.23188534744804,2069.413491506992,0,0,0.0,0.0,1644.7509787769097
208,29,2043-09-25,2043-10-24,30,3.46,0.9710083176499443,0.00028418891170431214,0.9997158110882957,275.94979704877267,2069.413491506992,0,0,0.0,0.0,1644.7509787769097
209,29,2043-10-25,2043-11-24,31,3.46,0.9707323678528955,0.00029366187542778914,0.9997063381245722,285.0670876821398,2069.413491506992,0,0,0.0,0.0,1644.7509787769097
210,29,2043-11-25,2043-12-24,30,3.46,0.9704473007652133,0.00028418891170431214,0.9997158110882957,275.7903622708533,2069.413491506992,0,0,0.0,0.0,1644.7509787769097
211,29,2043-12-25,2044-01-24,31,3.46,0.9701715104029425,0.00029366187542778914,0.9997063381245722,284.9023852315389,2069.413491506992,0,0,0.0,0.0,1644.7509787769097
212,29,2044-01-25,2044-02-24,31,3.46,0.969886608017711,0.00029366187542778914,0.9997063381245722,284.818720262778,2069.413491506992,0,0,0.0,0.0,1644.7509787769097
213,29,2044-02-25,2044-03-24,29,3.46,0.9696017892974482,0.00027471594798083503,0.9997252840520192,266.3650747107623,2069.413491506992,0,0,0.0,0.0,1644.7509787769097
214,29,2044-03-25,2044-04-24,31,3.46,0.9693354242227376,0.00029366187542778914,0.9997063381245722,284.6568585958407,2069.413491506992,0,0,0.0,0.0,1644.7509787769097
215,29,2044-04-25,2044-05-24,30,3.46,0.9690507673641418,0.00028418891170431214,0.9997158110882957,275.393482963444,2069.413491506992,0,0,0.0,0.0,1644.7509787769097
216,29,2044-05-25,2044-06-24,31,3.46,0.9687753738811783,0.00029366187542778914,0.9997063381245722,284.4923931622044,2069.413491506992,0,0,0.0,0.0,1644.7509787769097
217,30,2044-06-25,2044-07-24,30,3.8,0.9684908814880161,0.00031211498973305956,0.999687885010267,302.2805215321939,2069.413491506992,1,825,799.0049772276133,0.540638315983219,1644.7509787769097
218,30,2044-07-25,2044-08-24,31,3.8,0.968188600966484,0.0003225188227241615,0.9996774811772758,312.2590477586634,2069.413491506992,0,0,0.0,0.0,1644.7509787769097
219,30,2044-08-25,2044-09-24,31,3.8,0.9678763419187253,0.0003225188227241615,0.9996774811772758,312.1583383381953,2069.413491506992,0,0,0.0,0.0,1644.7509787769097
220,30,2044-09-25,2044-10-24,30,3.8,0.9675641835803871,0.00031211498973305956,0.999687885010267,301.99128522426867,2069.413491506992,0,0,0.0,0.0,1644.7509787769097
221,30,2044-10-25,2044-11-24,31,3.8,0.9672621922951629,0.0003225188227241615,0.9996774811772758,311.96026352462746,2069.413491506992,0,0,0.0,0.0,1644.7509787769097
222,30,2044-11-25,2044-12-24,30,3.8,0.9669502320316382,0.00031211498973305956,0.999687885010267,301.79966174293435,2069.413491506992,0,0,0.0,0.0,1644.7509787769097
223,30,2044-12-25,2045-01-24,31,3.8,0.9666484323698953,0.0003225188227241615,0.9996774811772758,311.7623143960949,2069.413491506992,0,0,0.0,0.0,1644.7509787769097
224,30,2045-01-25,2045-02-24,31,3.8,0.9663366700554992,0.0003225188227241615,0.9996774811772758,311.66176518148615,2069.413491506992,0,0,0.0,0.0,1644.7509787769097
225,30,2045-02-25,2045-03-24,28,3.8,0.9660250082903177,0.0002913073237508556,0.9997086926762492,281.41015984145054,2069.413491506992,0,0,0.0,0.0,1644.7509787769097
226,30,2045-03-25,2045-04-24,31,3.8,0.9657435981304763,0.0003225188227241615,0.9996774811772758,311.47048832243695,2069.413491506992,0,0,0.0,0.0,1644.7509787769097
227,30,2045-04-25,2045-05-24,30,3.8,0.9654321276421538,0.00031211498973305956,0.999687885010267,301.3258386069967,2069.413491506992,0,0,0.0,0.0,1644.7509787769097
228,30,2045-05-25,2045-06-24,31,3.8,0.9651308018035468,0.0003225188227241615,0.9996774811772758,311.272849972506,2069.413491506992,0,0,0.0,0.0,1644.7509787769097
